length,sample,string,assembly_index,time_s,exact,timeout_s
10,0,dcdddbccaa,9,0.0049234,True,100
10,1,dbcadcdbac,8,0.0070739,True,100
10,2,caaabdaacd,8,0.00286493,True,100
10,3,cdbbbdacda,8,0.0029649,True,100
10,4,cbdbaaddcb,8,0.00291956,True,100
12,0,dcbadcdcdacd,9,0.005805,True,100
12,1,cbddbacbabda,9,0.00522664,True,100
12,2,dccacbcaacca,8,0.00292757,True,100
12,3,cbdcaabdcdbb,9,0.00259762,True,100
12,4,acaaccccaacd,8,0.00577905,True,100
13,0,cbabdcdbbddbb,10,0.00312724,True,100
13,1,bddbcbbcacaba,11,0.00279735,True,100
13,2,aadccccdbcbda,11,0.00501622,True,100
13,3,ddbcadaaadcbc,10,0.00534915,True,100
13,4,dcbdbcdbccbbc,8,0.00281368,True,100
14,0,abdbadbdbbadcc,10,0.00291459,True,100
14,1,abbbcbcaabaccb,11,0.0028153,True,100
14,2,ddcadbdcdaddcd,9,0.00287753,True,100
14,3,caadbabacbdabb,12,0.00328473,True,100
14,4,adbbdaaabbdccb,11,0.00300347,True,100
15,0,abdcaddaccdadda,11,0.00346652,True,100
15,1,adaadbdddbdbddd,9,0.00594524,True,100
15,2,cdacbcacabdbbbb,12,0.00639815,True,100
15,3,dacbbaccddadaba,11,0.00311387,True,100
15,4,bdaabdbdddbaddd,11,0.00301614,True,100
17,0,cdcdcaaaabbadabad,12,0.00299233,True,100
17,1,abbdcacabdbbadacb,14,0.00568322,True,100
17,2,aaabbbdbaacacccab,14,0.00571939,True,100
17,3,dadaaddccdbccbaab,14,0.00308435,True,100
17,4,daabbadddcdbcccac,16,0.00482074,True,100
19,0,bddbcbaaacddcabaaab,14,0.00603625,True,100
19,1,dcbacdccbdcbbccbacc,12,0.00541922,True,100
19,2,bdbbbabdcdccbadcbda,14,0.00340104,True,100
19,3,cadbcbddcbcbccbbddc,13,0.00522763,True,100
19,4,dadaaccccbdaabddcdb,14,0.00534717,True,100
21,0,dbbaabcccadddbbbbdcbd,17,0.00314704,True,100
21,1,bdcbdaacdcdaaacbcbbca,16,0.00607752,True,100
21,2,cdcbbbadddbddbcdbddcd,15,0.00577345,True,100
21,3,acbdcbaacbbbddaccddad,15,0.0032362,True,100
21,4,aabcbbbdbdbcabbacadda,17,0.00499642,True,100
23,0,adbdaacbbbaadbdbcacbbba,14,0.00327339,True,100
23,1,dbccbbacbdcaacbdabaabbd,17,0.00300263,True,100
23,2,cddadbccdcacbaaadadcbdd,18,0.00521254,True,100
23,3,abbabbdcbdcdbacacdcbdad,16,0.00526894,True,100
23,4,aabbcdaaababcbabdabccbb,15,0.00523611,True,100
24,0,adcbacdbacbddcbbcabcabdd,17,0.0054277,True,100
24,1,adccaaabdddddacdabdaacad,18,0.00610568,True,100
24,2,cdbcdcdbddcddabddaccbdcd,16,0.00569856,True,100
24,3,dccdbbacccccdddccadaccdb,16,0.00622573,True,100
24,4,abaabbabbbcadaacdccacdba,18,0.00562276,True,100
25,0,ccabaabdbbbbbcccdacacccbb,18,0.0049602,True,100
25,1,acadacaaddbdcbabadcdcbaaa,17,0.00568842,True,100
25,2,cbbaadbaddcdccacbabdccdbc,19,0.00590297,True,100
25,3,bdcdbdcbbadaabaccccdbcdca,19,0.00541722,True,100
25,4,acccbcbdacbacdcbacdcccccd,15,0.00578553,True,100
28,0,cdbdbbcddcaadadbcabdadabcbbd,20,0.00595582,True,100
28,1,aacbabdbababcdadbcdbcbabddcb,19,0.00527811,True,100
28,2,bacadddcadaaabddbbaacdcdcbbb,21,0.00558965,True,100
28,3,daabbcacbaaaabddbbcbbdcdabdb,21,0.00495024,True,100
28,4,bbabaddddbdbcdbcadbdcbcccdaa,22,0.00537128,True,100
30,0,dabaaddbbdbadcbcbcacaccdbabbbd,23,0.00939238,True,100
30,1,bdcaadbcadbbcccdddbaccacdcddcd,21,0.00982144,True,100
30,2,dbcdcbacdaddacdbacabdaddcbdddc,21,0.0101558,True,100
30,3,cdabaacaaabbcdabadddcbbbacdabd,21,0.00550169,True,100
30,4,cdabddcabdaaabbccacaabcdcbdbac,22,0.0184375,True,100
33,0,bdaadbddcacccdccbdaddcddcdbcdabac,22,0.0117345,True,100
33,1,ddcbdcabcdcbbbdcdadbaddbadaacbdab,24,0.0193071,True,100
33,2,dcdabaaaaddaacbbdcaddbacadcddacca,24,0.0682641,True,100
33,3,bcadacbaaaabaccaabbccbdadbcdcbadd,23,0.0197135,True,100
33,4,dbbcbadacacbadbcbcdabacbbacbaacbb,20,0.0196555,True,100
37,0,abcabcacabadcbddbadcbbcaabbbbcdddabdd,24,0.0359589,True,100
37,1,bdccddbddcbcddddbbbdccdaacccabdccabcc,24,0.0357275,True,100
37,2,cdbbaabababbdbcddaccdbdbdcaccbddacbba,24,0.0196698,True,100
37,3,dbacbaddcdcbaabccaddccbaaaadbcadccaac,24,0.0358159,True,100
37,4,acbaadcabdbdccdddaccadbacdcacddddcdaa,25,0.120024,True,100
38,0,bcdbdbbcabbcbcbaaadccabacacdcbbbbabcaa,27,2.2307,True,100
38,1,daaadaaabbaaabaccbdbdcacadbdbbdacbaabb,25,0.646322,True,100
38,2,cababcbcddbcbacdcddbdabcdbcbddbcdbacbc,24,0.605969,True,100
38,3,ddbccdcbcacdababcbdaabccbadbdacdbdbddb,26,0.65756,True,100
38,4,cabcddabcddadbbdbdccbbccdadddddabdccad,24,0.121007,True,100
40,0,abcbcbacaccdcdcaaacdbaacdbcabdcbddddcabc,26,0.336072,True,100
40,1,acdcdddaaccdaacdbaddcabbdaabcadcbabccacb,28,0.389678,True,100
40,2,bccdbbbabbdabdddbbcdcacbdaacbbcbcadcdbca,28,0.388549,True,100
40,3,cabccabbcdcaadcdaacdadbdcbcbdadabadbcdcb,26,0.335284,True,100
40,4,babcbcccbadbdbbcdabadcaabadbaddadabdddbb,27,0.17746,True,100
43,0,dddaadcddacdadcdbdccbbcaadacaabbcbdaaacbbcd,27,0.0377354,True,100
43,1,adbbbbacaaddcdddbbadcccdcbbcaaaccbcbcbbdacd,30,3.03464,True,100
43,2,caccaacdacbbbcbaabaddbccdbcccbcabdcdaaaabbb,29,0.332949,True,100
43,3,bdcbccdbbcddcabdcacccaababdaadcbaabdcacbbdc,27,0.177893,True,100
43,4,abdcacbadddddcdaccacbdccdbdadbddddadbaaaacb,27,0.0703596,True,100
44,0,abdcccbacdbacabbcdabdccdccabdbddccadcbadbacd,25,0.0709672,True,100
44,1,dbddacaadbadccdacbcbbcdccdabdaacbadacddddcbb,29,0.972566,True,100
44,2,abdbdaacdcdbdacdbdcdadbdaaccddcdbdddbdcdcccd,23,0.0682898,True,100
44,3,cccbbaacababcaccddbbdcddcdaddbcaacaccbabddca,28,0.120973,True,100
44,4,acbdbbbadbbacacbdcbcdddcbbcdaabdbbdcdcccdcdb,29,0.587917,True,100
47,0,badaacbadcacbaddabddcaadcabdcbcacbcadcdbbaaadbc,29,1.13483,True,100
47,1,acdddbbbdacbbdadcddbdbadddbbcddacaadccdcddcdcac,29,2.68179,True,100
47,2,adaacaababbadccbcdabdcbacdacabcbaccabcadadaabdd,30,8.39369,True,100
47,3,acddadcabacddacdddddacbaabcabbccbbaaadaadcbbccb,27,0.709664,True,100
47,4,adcaccccaccbaacadddcabbbbdcddcdccbccaaccaabdbca,30,1.82206,True,100
49,0,acbcabdcddaaacbabdaddadbcdddaaaadcdcbbccdcabddcda,31,3.16172,True,100
49,1,cbabddadacaadadbbdbadabbdbbddbdadadaadabcaadbabba,27,1.92729,True,100
49,2,bacbdddabbbbdcaddcbbacbaadcacbadcaabccabdcaadbacb,29,0.0678622,True,100
49,3,cabbccabadbabaccadbadddddadbbccdbcdabdaadbcdbbcbd,31,56.6786,True,100
49,4,dcddaacddbaaacacadcddbabdcdabcbccdcaccdbadcdccbdb,30,0.739284,True,100
52,0,adacadaddcdacdcbddccdbddcadbbaaabbabcbcddbadcadcdbab,34,100.502,False,100
52,1,cdaaaabbbdbaacaacadcbccaaddcaaabddcbcdcccadcdcbbdbbd,31,1.30989,True,100
52,2,dccbcbdddadcbddadabadcbbaddbdadadbcdbdbdbbdcaabdacab,34,100.282,False,100
52,3,bbcaaccdcbccbabacbcaacbcbbbdaacaacacaadadcbcaabddaad,31,4.06113,True,100
52,4,dcccbddccacddddbbbabdddcdcddabddadcdababdccbcddddabb,30,1.05898,True,100
54,0,accdddabbdbbadddacbcdbbbdcdccadaddbdcbaabbcdabaadcdbdc,35,100.336,False,100
54,1,cabbccaaccdccacaddbabaabddbabddadcabbdbbaabbbdbdcbcbcc,34,100.34,False,100
54,2,aaacccdcaacabbdcccccbbcaccbbbaacbdbddbbabbaccabbbccbba,32,37.0669,True,100
54,3,acdcdacaccbaaaadbbdcadbbbbcbadbadcdbcdbbdaaadbdcbcadba,33,100.287,False,100
54,4,cccccdbbbadcbadabcccabbdbbdbdcdbaabbdbcbdcdacddabdbbcc,32,1.70855,True,100
57,0,adabcbddbdaddaddcaccdbcccbcbbaaacabbcadddabaddabbddbabcba,36,100.283,False,100
57,1,babacaddbddaddbdcbcabadbbcdaaaccacbcccacbbdcbdbacddccbdbb,36,100.287,False,100
57,2,bcababdcdaccaccdbbacddabbbbdadddbdbacdadbddcdabddcaaabcbb,38,100.341,False,100
57,3,accdccbcabdcbbcdccddacddabdcaacabaaadaddbaddbabdadbdbcbaa,36,100.285,False,100
57,4,cdddbbdaaaddacbbdcbdddabccaabbdabcdbbaacbabaadabddbddcadc,38,100.391,False,100
62,0,dabdcdaaccabcabaccabccbaddabadcccbbdabbbbbcaabaacbdbddddadaadc,40,100.326,False,100
62,1,ddbbcaaabacaabbddbcbddcabddabcdacaccaacaccaacbcdbcccbadaddcbcc,38,100.451,False,100
62,2,acbcdaacdcdcaccbababbdacdcdbabdcababdbaabddddcadabbaacbcddaabb,37,100.24,False,100
62,3,dcadabaddccdbbbdbaabbdbcbcbaacdcabadcdadbcaabcbdcbdbbaddcbcaca,37,100.334,False,100
62,4,dcbbcabdcbdbdcabbacdcddacabaabadccddddaacddcbdccadabcbbcabccdd,36,59.6017,True,100
66,0,dccaacbadcccdbcccadadddadadbdbbcbbdcdbddbccdbadcbccbadcdaddccaadcc,38,100.272,False,100
66,1,bcdccdcdbababbbcccbbdcdcabcbddacddddaadbdaddccbdaadcdacdbddadcbadc,42,100.329,False,100
66,2,bcbbabbbcadbbabdbdbbbddccbadadddabdacbdcbbccabbcbdcdbaccdcbbbddabc,42,100.349,False,100
66,3,dbadcddcaddccabbaacaabbaacdaddbacabccbdaaacdccbaccdddadbcdcbbdddbb,42,100.346,False,100
66,4,adaabccbdccddbcbbdabaacbccbadcadbbbadacbccccccbcddaadcaaaadbbcdbac,43,100.39,False,100
71,0,adcbbcbccbbadcbabcbcbdddbcccadcaabaccaccddaaaadaddcbaddcaaaabacbdccbddc,43,100.371,False,100
71,1,cdbbcacddcbaccabccbcaaaddbdccaacdcbcbccbcbbcdcddacaaadbcbabbddddcaaabbd,43,100.27,False,100
71,2,aabcbadccaabbbcbaccdbabdbacdcbacaccdaaaaabbddddbcadaddccabadcaaaccadacd,43,100.338,False,100
71,3,bdaaaaaaaaddcacabdadaabccddababacabadbbaaacbacdcdcabacddacdbcdccbdbcbbb,45,100.295,False,100
71,4,abcccdcdabcbbcdddcacacadbacccdbacabdbbdaacbcdcbacadccbdabbdadbacaccdbcb,43,100.291,False,100
76,0,dabacabaaabdbdadabddbbaaabcbbddccdbabccdacbccbbbdccbcdcbccdbddadaaabcdbcbadb,45,100.343,False,100
76,1,ddadbbcbddbccbabacabcadcabcacadcadaccbcacaabcccdacaddbcbdcaadbdcbdcacbcacbbc,44,100.271,False,100
76,2,acdddadabacccbbcdaaccdadbdddddbacabcbdbbbbddcdbcdbcccacbccacdbccbcbdaacdaacb,45,100.393,False,100
76,3,dabcdbdbdccdccdbdbccbbddbaaaddbabcbbbacdcaccabcdddbadbcacdbdcbcbabcbcbbddcdb,46,100.286,False,100
76,4,dadacacbbddabdcbcccabdbdabccacccbbaccddddbacdbdabbabbdcaacaaadddcaaccadbccab,46,100.373,False,100
81,0,adcbdcaddcbabbcdccbabcadcdbddddbbaabdcccdbbaddacddcbbcdbdaabbcbcdbaaacbddaddddbca,50,100.319,False,100
81,1,cabcbcbcdbdacdbbdadbaabbddbdacacabdddadddcbacdabbcaacacdadbbcaccabcaadaabbcdacdcb,47,100.24,False,100
81,2,ccddcadacdcdaaaaaabdacabbdaadbadbabaaccaaacadcbccbbccdbcbcbdabddbcaddaaacabdacbbb,49,100.232,False,100
81,3,badadacbddbcacbcabccdccdadddcccbdcddcacaabbadcabddbbadbbabccdbcaaaacbbbadbbdbaddc,46,100.269,False,100
81,4,bddcdaddbbbcbdbaaadababababaacadacabdbdcbbbdbdacdccbaaacddabbdcddbaddddbdcddcbaad,49,100.282,False,100
85,0,ddbabcdcdbdbbabcabbbbadcaabdabaaadcbbdabdddadacaabddbbaaaaadbbbbddbacdaabdbdcbdbdaccb,50,100.28,False,100
85,1,bcaccadddbcadcdcdadcadabdbaaddbcadddabaacdabdaabcdbacdaccdcadabcabbbdabcbbacabbdcabcd,48,100.271,False,100
85,2,cccaadbbacccbbbcbdcdcdcddbcbabcababcadabdaaacbaaddcaaabaddbdbabaabcddbddaddbcdddcdbca,52,100.28,False,100
85,3,acbdcdccccbdaddbdcddbcbbabcbccddccbbacadccccbaabcaddbacdbcbacdacbbbaccbdcadddbdcdacab,50,100.336,False,100
85,4,cdddcdcbdbabcccdbabdcdacaaabbccadcdabcbbadccdabadadbbccaabaccdcbbaddcdbcdcdcdbabdbabc,46,100.23,False,100
90,0,cbdddbbbaababccdcdbcbdacbacaaacbadccdaababbadbaaaabcdcacaadabaccaccabadbcbcbacdbcbcdbacbcc,53,100.272,False,100
90,1,bbdacdbdbdbacdbdbaaacdadcdabdcacacadabbcbcabcacbddcacaaaaabbdaaadabdaccbbdaddbadcaccabbdab,50,100.285,False,100
90,2,adabdaddddbbccdccacbaacccadccdaabbbccccccbaccadcbacaabdaccaababcdddccabcadaabacabadcabdbdb,52,100.286,False,100
90,3,dbaaabbbbcaabdadddcadbadbbbdbdabbdbcaacbaddaddbddadccbabddabcabbdcbbcacdddadccacabbdcadadc,52,100.294,False,100
90,4,bddbabbcbdcaabccbaacbdbdccbadbdacbcdaabbbbcadbadccbaabadacadacaadddcccdbabbcadbcddbdbbcdbc,50,100.23,False,100
95,0,adddacadacdbcaacbbdacabadaacadbbbaabdabcabcabbbbabdcbdcdadbcadbdbadbbbbdbaccdbaccacddabadbacdaa,54,100.234,False,100
95,1,babccdbbbbacbdcdbcbcbadccacbbacdaaabcbbcaddabbbbccabbccdcbbabaabddadbcdaaddabadccbbadbbcadadbcb,53,100.229,False,100
95,2,adacbaadabbacaabccdcbbbadbbbaabbabaabcbcaddbaadbbaabadcdadcbddacddbadddbbdaddcbdcbcdbbddbcbaaaa,53,100.22,False,100
95,3,bcbaaaccdcbdbbdbdbdddacccdcbacacddbdbaabaccadbabacbabadcabdbcadaccadcaaccacbcdccbdcbcabaaccdbac,57,100.288,False,100
95,4,dacacdabcddaddbdcabacaaaccbbccdddcbaddbcaabccbbbbabbdadaadcbacbdcbcccbbbbaccdbbbcbaacabadabbcca,55,100.29,False,100
100,0,dcdcaccdbdbccdcdabacbccbdbcadccaacbcbdaabacdaccddcbcdabbcbacdbcbaddcbadbdccbddaadcbbbdcdabbbaddcbcab,55,100.232,False,100
100,1,cccbccdbacdaabacadcdbabccddbccaccdadaaaccbbcbadbadcbcabdaccbcbadcaabbcdbbcaddbadcbadcaaacbbdabdbdadc,58,100.237,False,100
100,2,bdbdbcbcbdcababdbcdbcdaddcaaadcdcaaddccbbabdacbddadbbbcacbacddbdddacadbbcacbcbccdcdccabddbddcdbacdbb,60,100.32,False,100
100,3,dbcabacaadaddddaabcdacadbdbabaccaddbdcaddaddbaaaccbbddcadaaddbaabcccbdccccddcaabddbccbaccdddbdabcbca,58,100.224,False,100
100,4,dddbcbadddbcdbcdcbdbddabaabaccddacbbdaaddacbaacabadcbdacabcdadbddabdaaddbcaacbdbdabdadbbcabcaaabcaab,55,100.283,False,100
